<?xml version="1.0" encoding="UTF-8" standalone="yes"?>
<psExtension xmlns="http://www.powerschool.com" xmlns:xsi="http://www.w3.org/2001/XMLSchema-instance" xsi:schemaLocation="http://www.powerschool.com psextension.xsd">
    <extensionname>U_PEI_ATT_TRACK</extensionname>
    <extendedTable coreTable="Students" dbTableName="U_PEI_ATT_TRACK" childName="U_PEI_ATT_TRACK" comment="">
        <field name="parent_call_1_staff" type="String" length="80"/>
        <field name="referral_staff" type="String" length="80"/>
        <field name="parent_call_1" type="Integer" defaultValue="0" comment="0 = not attempted; 1 = no contact; 3 = contact made"/>
        <field name="student_notification_staff" type="String" length="80"/>
        <field name="parent_call_3" type="Integer" defaultValue="0" comment="0 = not attempted; 1 = no contact; 3 = contact made"/>
        <field name="parent_call_2" type="Integer" defaultValue="0" comment="0 = not attempted; 1 = no contact; 3 = contact made"/>
        <field name="concern_3_sent_date" type="Date"/>
        <field name="concern_2_req_staff" type="String" length="80"/>
        <field name="parent_call_1_date" type="Date"/>
        <field name="grade_in_term" type="Integer"/>
        <field name="concern_4_sent_staff" type="String" length="80"/>
        <field name="concern_3_req_staff" type="String" length="80"/>
        <field name="concern_2_notes" type="String" length="4000"/>
        <field name="concern_4_req_date" type="Date"/>
        <field name="concern_4_notes" type="String" length="4000"/>
        <field name="parent_call_2_date" type="Date"/>
        <field name="parent_call_3_staff" type="String" length="80"/>
        <field name="parent_call_notes" type="String" length="4000"/>
        <field name="concern_2_req_date" type="Date"/>
        <field name="concern_4_sent_date" type="Date"/>
        <field name="concern_2" type="Integer" defaultValue="0" comment=" 0 = false, 1 = concern flagged; 2 = letter sent"/>
        <field name="concern_2_sent_staff" type="String" length="80"/>
        <field name="referral_date" type="Date"/>
        <field name="referral_notes" type="String" length="4000"/>
        <field name="concern_2_sent_date" type="Date"/>
        <field name="parent_call_2_staff" type="String" length="80"/>
        <field name="concern_4" type="Integer" defaultValue="0" comment="0 = false, 1 = concern flagged; 2 = letter sent"/>
        <field name="student_notification_date" type="Date"/>
        <field name="concern_3" type="Integer" defaultValue="0" comment="0 = false, 1 = concern flagged; 2 = letter sent"/>
        <field name="concern_4_req_staff" type="String" length="80"/>
        <field name="concern_3_notes" type="String" length="4000"/>
        <field name="termid" type="Integer" comment="Reference to the Terms table"/>
        <field name="referral" type="Integer" defaultValue="0" comment="0 = false; 1 = referred to director"/>
        <field name="student_notification" type="Integer" defaultValue="0" comment="0 = not notified; 1 = notified; -1 = exempt (&lt; Grade 10)"/>
        <field name="parent_call_3_date" type="Date"/>
        <field name="concern_3_sent_staff" type="String" length="80"/>
        <field name="concern_3_req_date" type="Date"/>
    </extendedTable>
</psExtension>
